title,abstract,publish_time,journal,authors
Mask-Wearing and Community Transmission,"This study evaluates real-world effectiveness of mRNA vaccines against emerging variants.",2024-02-27,JAMA,"Author8, Author28"
Long COVID: Neurological Impacts,"Analysis of non-pharmaceutical interventions during pandemic waves.",2023-10-17,"The Lancet Public Health","Author3, Author39"
Impact of Lockdowns on Mental Health,"This study evaluates real-world effectiveness of mRNA vaccines against emerging variants.",2020-03-02,"The Lancet","Author7, Author28"
Omicron Variant: Immune Escape Analysis,"Equity-focused analysis of COVAX distribution mechanisms.",2020-02-24,"The Lancet Public Health","Author7, Author38"
Impact of Lockdowns on Mental Health,"Safety profile monitoring in pediatric populations post-vaccination.",2022-07-08,"Nature Medicine","Author9, Author21"
Vaccine Efficacy Against SARS-CoV-2 Variants,"Comprehensive review of persistent symptoms following acute infection.",2023-04-19,"The Lancet Public Health","Author18, Author30"
mRNA Vaccine Safety in Adolescents,"Longitudinal cohort study on humoral immunity durability.",2020-07-18,Science,"Author11, Author36"
Wastewater Surveillance for Early Outbreak Detection,"Novel methodology for detecting viral RNA in urban sewage systems.",2024-08-18,"PLOS ONE","Author1, Author36"
Antibody Persistence After Infection,"Psychological effects of prolonged social restrictions in adults.",2021-05-10,"Nature Medicine","Author1, Author33"
Global Disparities in Vaccine Access,"Equity-focused analysis of COVAX distribution mechanisms.",2022-08-18,"The Lancet Public Health","Author3, Author21"
Vaccine Efficacy Against SARS-CoV-2 Variants,"Analysis of non-pharmaceutical interventions during pandemic waves.",2020-03-10,"The Lancet Public Health","Author15, Author31"
Mask-Wearing and Community Transmission,"Longitudinal cohort study on humoral immunity durability.",2021-07-03,"Nature Medicine","Author14, Author21"
Long COVID: Neurological Impacts,"Safety profile monitoring in pediatric populations post-vaccination.",2022-04-17,"Nature Medicine","Author17, Author28"
mRNA Vaccine Safety in Adolescents,"Analysis of non-pharmaceutical interventions during pandemic waves.",2021-03-13,"Nature Medicine","Author17, Author24"
Wastewater Surveillance for Early Outbreak Detection,"Psychological effects of prolonged social restrictions in adults.",2022-07-14,"The Lancet Public Health","Author15, Author23"
Antibody Persistence After Infection,"Novel methodology for detecting viral RNA in urban sewage systems.",2024-09-28,"PLOS ONE","Author10, Author34"
Impact of Lockdowns on Mental Health,"Longitudinal cohort study on humoral immunity durability.",2024-10-12,"The Lancet Public Health","Author10, Author39"
Omicron Variant: Immune Escape Analysis,"Analysis of non-pharmaceutical interventions during pandemic waves.",2023-11-20,"The Lancet Public Health","Author13, Author38"
Global Disparities in Vaccine Access,"Equity-focused analysis of COVAX distribution mechanisms.",2024-11-27,"The Lancet Public Health","Author19, Author35"
Vaccine Efficacy Against SARS-CoV-2 Variants,"Fluid dynamics modeling of aerosolized viral particles.",2022-08-26,"Nature Medicine","Author11, Author38"
Mask-Wearing and Community Transmission,"In vitro assessment of neutralizing antibody evasion.",2021-07-31,"The Lancet Public Health","Author4, Author22"
Long COVID: Neurological Impacts,"Comprehensive review of persistent symptoms following acute infection.",2024-10-29,BMJ,"Author18, Author37"
mRNA Vaccine Safety in Adolescents,"Novel methodology for detecting viral RNA in urban sewage systems.",2020-01-16,"PLOS ONE","Author1, Author29"
Wastewater Surveillance for Early Outbreak Detection,"Safety profile monitoring in pediatric populations post-vaccination.",2023-04-02,"Nature Medicine","Author19, Author25"
Antibody Persistence After Infection,"Longitudinal cohort study on humoral immunity durability.",2021-10-30,"The Lancet Public Health","Author15, Author38"
Impact of Lockdowns on Mental Health,"Analysis of non-pharmaceutical interventions during pandemic waves.",2023-06-20,"The Lancet Public Health","Author19, Author35"
Omicron Variant: Immune Escape Analysis,"Equity-focused analysis of COVAX distribution mechanisms.",2020-10-02,"The Lancet Public Health","Author8, Author31"
Global Disparities in Vaccine Access,"Longitudinal cohort study on humoral immunity durability.",2021-12-27,BMJ,"Author12, Author29"
Vaccine Efficacy Against SARS-CoV-2 Variants,"Analysis of non-pharmaceutical interventions during pandemic waves.",2021-10-17,"The Lancet Public Health","Author5, Author21"
Mask-Wearing and Community Transmission,"Novel methodology for detecting viral RNA in urban sewage systems.",2024-02-22,"PLOS ONE","Author20, Author23"
Long COVID: Neurological Impacts,"Psychological effects of prolonged social restrictions in adults.",2023-01-14,"Nature Medicine","Author5, Author38"
mRNA Vaccine Safety in Adolescents,"Novel methodology for detecting viral RNA in urban sewage systems.",2020-08-15,"PLOS ONE","Author4, Author38"
Wastewater Surveillance for Early Outbreak Detection,"Safety profile monitoring in pediatric populations post-vaccination.",2020-04-21,"Nature Medicine","Author11, Author36"
Antibody Persistence After Infection,"Comprehensive review of persistent symptoms following acute infection.",2023-05-02,"The Lancet Public Health","Author11, Author23"
Impact of Lockdowns on Mental Health,"Longitudinal cohort study on humoral immunity durability.",2023-03-05,"The Lancet Public Health","Author13, Author35"
Omicron Variant: Immune Escape Analysis,"Novel methodology for detecting viral RNA in urban sewage systems.",2023-05-19,"PLOS ONE","Author6, Author25"
Global Disparities in Vaccine Access,"Comprehensive review of persistent symptoms following acute infection.",2024-01-04,"The Lancet Public Health","Author5, Author23"
Vaccine Efficacy Against SARS-CoV-2 Variants,"Psychological effects of prolonged social restrictions in adults.",2022-04-16,"Nature Medicine","Author4, Author23"
Mask-Wearing and Community Transmission,"Equity-focused analysis of COVAX distribution mechanisms.",2024-03-17,"The Lancet Public Health","Author11, Author29"
Long COVID: Neurological Impacts,"Longitudinal cohort study on humoral immunity durability.",2023-10-20,"The Lancet Public Health","Author5, Author34"
mRNA Vaccine Safety in Adolescents,"Equity-focused analysis of COVAX distribution mechanisms.",2023-12-10,"The Lancet Public Health","Author13, Author29"
Wastewater Surveillance for Early Outbreak Detection,"Safety profile monitoring in pediatric populations post-vaccination.",2022-10-13,"Nature Medicine","Author10, Author23"
Antibody Persistence After Infection,"Novel methodology for detecting viral RNA in urban sewage systems.",2023-11-21,"PLOS ONE","Author4, Author22"
Impact of Lockdowns on Mental Health,"Psychological effects of prolonged social restrictions in adults.",2022-03-04,"Nature Medicine","Author3, Author22"
Omicron Variant: Immune Escape Analysis,"In vitro assessment of neutralizing antibody evasion.",2022-06-23,"The Lancet Public Health","Author13, Author23"
Global Disparities in Vaccine Access,"Safety profile monitoring in pediatric populations post-vaccination.",2023-03-10,"Nature Medicine","Author13, Author29"
Vaccine Efficacy Against SARS-CoV-2 Variants,"In vitro assessment of neutralizing antibody evasion.",2020-05-26,"The Lancet Public Health","Author6, Author26"
Mask-Wearing and Community Transmission,"Safety profile monitoring in pediatric populations post-vaccination.",2023-10-03,"Nature Medicine","Author6, Author24"
Long COVID: Neurological Impacts,"Equity-focused analysis of COVAX distribution mechanisms.",2024-10-21,"The Lancet Public Health","Author3, Author31"
mRNA Vaccine Safety in Adolescents,"Longitudinal cohort study on humoral immunity durability.",2022-02-10,"The Lancet Public Health","Author1, Author30"
Wastewater Surveillance for Early Outbreak Detection,"Analysis of non-pharmaceutical interventions during pandemic waves.",2021-07-02,"The Lancet Public Health","Author6, Author31"
Antibody Persistence After Infection,"Novel methodology for detecting viral RNA in urban sewage systems.",2023-11-26,"PLOS ONE","Author3, Author29"
Impact of Lockdowns on Mental Health,"In vitro assessment of neutralizing antibody evasion.",2020-03-08,"The Lancet Public Health","Author11, Author22"
Omicron Variant: Immune Escape Analysis,"Novel methodology for detecting viral RNA in urban sewage systems.",2023-02-16,"PLOS ONE","Author1, Author23"
Global Disparities in Vaccine Access,"Safety profile monitoring in pediatric populations post-vaccination.",2023-11-02,"Nature Medicine","Author6, Author29"
Vaccine Efficacy Against SARS-CoV-2 Variants,"Psychological effects of prolonged social restrictions in adults.",2022-10-15,"Nature Medicine","Author16, Author30"
Mask-Wearing and Community Transmission,"Safety profile monitoring in pediatric populations post-vaccination.",2024-01-12,"Nature Medicine","Author6, Author31"
Long COVID: Neurological Impacts,"Equity-focused analysis of COVAX distribution mechanisms.",2022-04-22,"The Lancet Public Health","Author16, Author31"
mRNA Vaccine Safety in Adolescents,"Psychological effects of prolonged social restrictions in adults.",2021-07-20,"Nature Medicine","Author13, Author25"
Wastewater Surveillance for Early Outbreak Detection,"Analysis of non-pharmaceutical interventions during pandemic waves.",2023-04-13,"The Lancet Public Health","Author19, Author38"
Antibody Persistence After Infection,"Comprehensive review of persistent symptoms following acute infection.",2023-11-24,"The Lancet Public Health","Author9, Author26"
Impact of Lockdowns on Mental Health,"Novel methodology for detecting viral RNA in urban sewage systems.",2023-12-28,"PLOS ONE","Author3, Author29"
Omicron Variant: Immune Escape Analysis,"In vitro assessment of neutralizing antibody evasion.",2020-03-02,"The Lancet Public Health","Author14, Author33"
Global Disparities in Vaccine Access,"Longitudinal cohort study on humoral immunity durability.",2022-11-27,"The Lancet Public Health","Author6, Author22"
Vaccine Efficacy Against SARS-CoV-2 Variants,"Psychological effects of prolonged social restrictions in adults.",2021-10-11,"Nature Medicine","Author13, Author33"
Mask-Wearing and Community Transmission,"Longitudinal cohort study on humoral immunity durability.",2023-08-28,"The Lancet Public Health","Author3, Author25"
Long COVID: Neurological Impacts,"Safety profile monitoring in pediatric populations post-vaccination.",2021-11-18,"Nature Medicine","Author12, Author35"
mRNA Vaccine Safety in Adolescents,"Analysis of non-pharmaceutical interventions during pandemic waves.",2021-02-11,"The Lancet Public Health","Author2, Author39"
Wastewater Surveillance for Early Outbreak Detection,"Longitudinal cohort study on humoral immunity durability.",2024-02-26,"The Lancet Public Health","Author11, Author39"
Antibody Persistence After Infection,"Comprehensive review of persistent symptoms following acute infection.",2024-07-08,"The Lancet Public Health","Author10, Author26"
Impact of Lockdowns on Mental Health,"Novel methodology for detecting viral RNA in urban sewage systems.",2023-06-08,"PLOS ONE","Author10, Author29"
Omicron Variant: Immune Escape Analysis,"Equity-focused analysis of COVAX distribution mechanisms.",2021-08-02,"The Lancet Public Health","Author20, Author27"
Global Disparities in Vaccine Access,"Psychological effects of prolonged social restrictions in adults.",2023-01-26,"Nature Medicine","Author17, Author25"
Vaccine Efficacy Against SARS-CoV-2 Variants,"Equity-focused analysis of COVAX distribution mechanisms.",2023-07-01,"The Lancet Public Health","Author1, Author39"
Mask-Wearing and Community Transmission,"In vitro assessment of neutralizing antibody evasion.",2020-05-02,"The Lancet Public Health","Author19, Author29"
Long COVID: Neurological Impacts,"Safety profile monitoring in pediatric populations post-vaccination.",2021-07-20,"Nature Medicine","Author18, Author24"
mRNA Vaccine Safety in Adolescents,"In vitro assessment of neutralizing antibody evasion.",2021-11-26,"The Lancet Public Health","Author20, Author24"
Wastewater Surveillance for Early Outbreak Detection,"Psychological effects of prolonged social restrictions in adults.",2024-11-03,"Nature Medicine","Author10, Author29"
Antibody Persistence After Infection,"Novel methodology for detecting viral RNA in urban sewage systems.",2020-05-07,"PLOS ONE","Author20, Author21"
Impact of Lockdowns on Mental Health,"Safety profile monitoring in pediatric populations post-vaccination.",2021-11-16,"Nature Medicine","Author13, Author39"
Omicron Variant: Immune Escape Analysis,"Longitudinal cohort study on humoral immunity durability.",2024-06-01,"The Lancet Public Health","Author10, Author38"
Global Disparities in Vaccine Access,"Analysis of non-pharmaceutical interventions during pandemic waves.",2024-02-07,"The Lancet Public Health","Author2, Author21"
Vaccine Efficacy Against SARS-CoV-2 Variants,"Longitudinal cohort study on humoral immunity durability.",2022-03-11,"The Lancet Public Health","Author5, Author25"
Mask-Wearing and Community Transmission,"Novel methodology for detecting viral RNA in urban sewage systems.",2021-03-18,"PLOS ONE","Author4, Author37"
Long COVID: Neurological Impacts,"Comprehensive review of persistent symptoms following acute infection.",2023-02-06,"The Lancet Public Health","Author1, Author31"
mRNA Vaccine Safety in Adolescents,"Fluid dynamics modeling of aerosolized viral particles.",2020-03-13,"Nature Medicine","Author17, Author31"
Wastewater Surveillance for Early Outbreak Detection,"Equity-focused analysis of COVAX distribution mechanisms.",2021-03-29,"The Lancet Public Health","Author12, Author29"
Antibody Persistence After Infection,"Novel methodology for detecting viral RNA in urban sewage systems.",2022-03-20,"PLOS ONE","Author17, Author33"
Impact of Lockdowns on Mental Health,"Safety profile monitoring in pediatric populations post-vaccination.",2023-02-26,"Nature Medicine","Author7, Author22"
Omicron Variant: Immune Escape Analysis,"Analysis of non-pharmaceutical interventions during pandemic waves.",2022-05-18,"The Lancet Public Health","Author11, Author32"
Global Disparities in Vaccine Access,"Longitudinal cohort study on humoral immunity durability.",2020-03-08,"The Lancet Public Health","Author1, Author30"
Vaccine Efficacy Against SARS-CoV-2 Variants,"Comprehensive review of persistent symptoms following acute infection.",2021-12-29,BMJ,"Author19, Author23"
Mask-Wearing and Community Transmission,"Equity-focused analysis of COVAX distribution mechanisms.",2020-01-20,"The Lancet Public Health","Author5, Author22"
Long COVID: Neurological Impacts,"Longitudinal cohort study on humoral immunity durability.",2021-04-21,"The Lancet Public Health","Author20, Author22"
mRNA Vaccine Safety in Adolescents,"Novel methodology for detecting viral RNA in urban sewage systems.",2020-10-17,"PLOS ONE","Author20, Author28"
Wastewater Surveillance for Early Outbreak Detection,"Novel methodology for detecting viral RNA in urban sewage systems.",2023-03-31,"PLOS ONE","Author11, Author35"
Antibody Persistence After Infection,"In vitro assessment of neutralizing antibody evasion.",2023-02-13,"The Lancet Public Health","Author12, Author30"
Impact of Lockdowns on Mental Health,"Longitudinal cohort study on humoral immunity durability.",2022-06-03,"The Lancet Public Health","Author3, Author38"
Omicron Variant: Immune Escape Analysis,"Novel methodology for detecting viral RNA in urban sewage systems.",2021-06-28,"PLOS ONE","Author5, Author34"
Global Disparities in Vaccine Access,"Comprehensive review of persistent symptoms following acute infection.",2023-03-02,"The Lancet Public Health","Author11, Author27"